Taille,Temps(s)
100000,0.000000
200000,0.000000
400000,0.001000
600000,0.001000
800000,0.001000
1000000,0.001000
1200000,0.001000
1400000,0.001000
1600000,0.001000
1800000,0.002000
