Taille,Temps(s)
100000,0.000000
200000,0.000001
400000,0.000000
600000,0.000000
800000,0.000001
1000000,0.000000
1200000,0.000000
1400000,0.000001
1600000,0.000000
1800000,0.000002
